-- MySQL dump 10.13  Distrib 8.0.30, for Win64 (x86_64)
--
-- Host: mysql-2f27a1bc-anhnguyen2k373-3703.f.aivencloud.com    Database: backend
-- ------------------------------------------------------
-- Server version	8.0.35

/*!40101 SET @OLD_CHARACTER_SET_CLIENT=@@CHARACTER_SET_CLIENT */;
/*!40101 SET @OLD_CHARACTER_SET_RESULTS=@@CHARACTER_SET_RESULTS */;
/*!40101 SET @OLD_COLLATION_CONNECTION=@@COLLATION_CONNECTION */;
/*!50503 SET NAMES utf8 */;
/*!40103 SET @OLD_TIME_ZONE=@@TIME_ZONE */;
/*!40103 SET TIME_ZONE='+00:00' */;
/*!40014 SET @OLD_UNIQUE_CHECKS=@@UNIQUE_CHECKS, UNIQUE_CHECKS=0 */;
/*!40014 SET @OLD_FOREIGN_KEY_CHECKS=@@FOREIGN_KEY_CHECKS, FOREIGN_KEY_CHECKS=0 */;
/*!40101 SET @OLD_SQL_MODE=@@SQL_MODE, SQL_MODE='NO_AUTO_VALUE_ON_ZERO' */;
/*!40111 SET @OLD_SQL_NOTES=@@SQL_NOTES, SQL_NOTES=0 */;
SET @MYSQLDUMP_TEMP_LOG_BIN = @@SESSION.SQL_LOG_BIN;
SET @@SESSION.SQL_LOG_BIN= 0;

--
-- GTID state at the beginning of the backup 
--

SET @@GLOBAL.GTID_PURGED=/*!80000 '+'*/ '6824c464-8ff8-11ef-a5dd-8a44ecfd7611:1-371,
6bf838dd-6c19-11f0-a780-3e8587252690:1-845,
adfb0065-57f4-11f0-a6e3-1a53474d309b:1-299,
bc4d7be6-36c1-11f0-8cad-862ccfb014fd:1-735,
e4fc9f26-4246-11f0-a8fe-266694920d3a:1-939,
ea0b8148-0e5c-11ef-9087-5624f6c9156f:1-2624';

--
-- Table structure for table `auth`
--

DROP TABLE IF EXISTS `auth`;
/*!40101 SET @saved_cs_client     = @@character_set_client */;
/*!50503 SET character_set_client = utf8mb4 */;
CREATE TABLE `auth` (
  `id` int NOT NULL AUTO_INCREMENT,
  `email` varchar(255) DEFAULT NULL,
  `password` varchar(255) DEFAULT 'GOOGLE_SSO',
  `username` varchar(255) DEFAULT NULL,
  `reset_token` varchar(255) DEFAULT NULL,
  `reset_token_expiry` bigint DEFAULT NULL,
  `role` enum('student','teacher','admin') NOT NULL DEFAULT 'student',
  `google_id` varchar(255) DEFAULT NULL,
  `created_at` timestamp NOT NULL DEFAULT CURRENT_TIMESTAMP,
  `updated_at` timestamp NOT NULL DEFAULT CURRENT_TIMESTAMP,
  PRIMARY KEY (`id`),
  UNIQUE KEY `users_email_unique` (`email`),
  UNIQUE KEY `users_google_id_unique` (`google_id`)
) ENGINE=InnoDB AUTO_INCREMENT=21012496 DEFAULT CHARSET=utf8mb4 COLLATE=utf8mb4_0900_ai_ci;
/*!40101 SET character_set_client = @saved_cs_client */;

--
-- Dumping data for table `auth`
--

LOCK TABLES `auth` WRITE;
/*!40000 ALTER TABLE `auth` DISABLE KEYS */;
INSERT INTO `auth` VALUES (21012477,'maingan@gmail.com','$2b$10$Sv/FJ/8ktO/PzcSxdh79COVPh49miF3zYZheClW41Fj5t1OW9Sp8O',NULL,NULL,NULL,'student',NULL,'2025-05-04 18:41:20','2025-05-04 18:41:20'),(21012478,'anhnguyen2k373@gmail.com','$2b$10$uhLqK7sL3BZaGtiZ4jbNouuOH7sDJ0imxeu.4znBc1P6evvdVdDOe','Admin',NULL,NULL,'admin',NULL,'2025-04-17 00:55:00','2025-04-17 00:55:00'),(21012479,'vana@example.com','$2b$10$EDEo2WHzjReuSeqJlFF4FedijcGU1F6kJkM9gWGmWPF6R.nQKB0HW','nguyenvana',NULL,NULL,'student',NULL,'2025-06-18 16:17:30','2025-06-18 16:17:30'),(21012480,'huyen@gmail.com','$2b$10$igPm4scP1wDhnvjh5P6due0llg9vHIL5TahV8ZMkwMwELNsYvBdAG','huyen',NULL,NULL,'admin',NULL,'2025-06-18 16:25:04','2025-06-18 16:25:04'),(21012481,'huyena@gmail.com','$2b$10$2CgQVAb3iMwo15.wSuR6puKdeknS6ciws1r5zqmtg/X0a6o0rQfDi','maingan@gmail.com',NULL,NULL,'student',NULL,'2025-06-18 16:57:37','2025-06-18 16:57:37'),(21012482,'21012479@st.phenikaa-uni.edu.vn','$2b$10$kHaeHCgd9jgy8a35jcesau/SkHiosNz/oRTvsON8QekXbtcZqSMeq','maingan@gmail.com',NULL,NULL,'student',NULL,'2025-06-21 00:28:43','2025-06-21 00:28:43'),(21012483,'21012483@st.phenikaa-uni.edu.vn','$2b$10$gSfhtTRLuCstPeApFMUvM.5rW.uwTlxRhoOuZW3h/YDt4Ub6u4IFm','huyen',NULL,NULL,'student',NULL,'2025-06-21 00:30:27','2025-06-21 00:30:27'),(21012484,'21012484@st.phenikaa-uni.edu.vn','$2b$10$/1eHbhcTYWplACr/bV62N..4cEoer1Uuth..nVV4Rku7IQrImVIyi','long',NULL,NULL,'student',NULL,'2025-06-21 00:31:08','2025-06-21 00:31:08'),(21012485,'21012485@st.phenikaa-uni.edu.vn','$2b$10$Rqt/QKLLVfkbO2BwJ6I8pOXDc9/3RaGp.z0LTHgyAveIyjp8aA4g6','maingan',NULL,NULL,'student',NULL,'2025-06-21 00:31:44','2025-06-21 00:31:44'),(21012486,'21012486@st.phenikaa-uni.edu.vn','$2b$10$5gO3T7yITWNeTkJkneH79Okfv2bPCOM40NWMGKha6ZRqZsa/NnUCS','tramy',NULL,NULL,'student',NULL,'2025-06-21 00:32:42','2025-06-21 00:32:42'),(21012487,'21012477@st.phenikaa-uni.edu.vn','$2b$10$oGq03PBRMFkM2SA31KGKRuB1goSGYkHlxrSczALA2p5B1avrTCru6','minhnguyen',NULL,NULL,'student',NULL,'2025-06-25 06:21:46','2025-06-25 06:21:46'),(21012489,'21012488@st.phenikaa-uni.edu.vn','$2b$10$OtmKyqw4qZzjX4UPlknxxu7dLKg7rxb7ZEC7Lso4vD4g5PsxdFr.e','minhnguyen',NULL,NULL,'student',NULL,'2025-06-25 06:27:43','2025-06-25 06:27:43'),(21012490,'21012489@st.phenikaa-uni.edu.vn','$2b$10$hdBYnzQkns0cmOGekzWfZ.JAhv.147KvKCJnuaiCE54QAyJe4EsEa','minhnguyen',NULL,NULL,'student',NULL,'2025-06-25 06:28:20','2025-06-25 06:28:20'),(21012491,'21012490@st.phenikaa-uni.edu.vn','$2b$10$t9/Zd579tlSpv1VziwkF5.deOepCruczqUmvwOVsf8MdSeervRp.2','lan',NULL,NULL,'student',NULL,'2025-06-25 06:29:16','2025-06-25 06:29:16'),(21012492,'anhnguyen111@gmail.com','$2b$10$4FYG9dSmY9feVJOI388U1ex5FUAqwAxBEXQgWikKK/7ewqrpUkR.u','anhh@gmail.com',NULL,NULL,'admin',NULL,'2025-08-01 11:54:58','2025-08-01 11:54:58'),(21012493,'anhng@gmail.com','$2b$10$srd5b7q2FH5B3l/ylstJiekG.EswLGAM6/YtKxOKoIFZGH63eAOSC','anhnguyen',NULL,NULL,'admin',NULL,'2025-08-06 01:09:47','2025-08-06 01:09:47'),(21012494,'anhnguyen12@gmail.com','$2b$10$M/BQ63chUulPbTjwsJxLJumWlhtAYtYqhxjxRCGl5axtz0.ouZmYS','maingan@gmail.com',NULL,NULL,'student',NULL,'2025-08-07 15:59:27','2025-08-07 15:59:27'),(21012495,'admin@gmail.com','$2b$10$fKoVGALVhEWNlvxIb/uvLe.Vax1mZQS7dx17xM4z7L85InsCb0.16','admin',NULL,NULL,'admin',NULL,'2025-08-07 16:11:20','2025-08-07 16:11:20');
/*!40000 ALTER TABLE `auth` ENABLE KEYS */;
UNLOCK TABLES;

--
-- Table structure for table `exam_attendance`
--

DROP TABLE IF EXISTS `exam_attendance`;
/*!40101 SET @saved_cs_client     = @@character_set_client */;
/*!50503 SET character_set_client = utf8mb4 */;
CREATE TABLE `exam_attendance` (
  `attendance_id` int NOT NULL AUTO_INCREMENT,
  `schedule_id` int NOT NULL,
  `student_id` int NOT NULL,
  `is_present` tinyint(1) NOT NULL DEFAULT '0',
  `violation_id` int DEFAULT NULL,
  `reported_by` int DEFAULT NULL,
  `created_at` timestamp NOT NULL DEFAULT CURRENT_TIMESTAMP,
  `updated_at` timestamp NOT NULL DEFAULT CURRENT_TIMESTAMP,
  `confidence` float DEFAULT NULL,
  `real_face` tinyint(1) DEFAULT NULL,
  PRIMARY KEY (`attendance_id`),
  KEY `attendance_ibfk_1` (`schedule_id`),
  KEY `attendance_ibfk_3` (`reported_by`),
  KEY `attendance_ibfk_4` (`student_id`),
  CONSTRAINT `attendance_ibfk_1` FOREIGN KEY (`schedule_id`) REFERENCES `examschedules` (`schedule_id`) ON DELETE CASCADE,
  CONSTRAINT `attendance_ibfk_4` FOREIGN KEY (`student_id`) REFERENCES `users` (`id`)
) ENGINE=InnoDB AUTO_INCREMENT=3196 DEFAULT CHARSET=utf8mb4 COLLATE=utf8mb4_0900_ai_ci;
/*!40101 SET character_set_client = @saved_cs_client */;

--
-- Dumping data for table `exam_attendance`
--

LOCK TABLES `exam_attendance` WRITE;
/*!40000 ALTER TABLE `exam_attendance` DISABLE KEYS */;
/*!40000 ALTER TABLE `exam_attendance` ENABLE KEYS */;
UNLOCK TABLES;

--
-- Table structure for table `examrooms`
--

DROP TABLE IF EXISTS `examrooms`;
/*!40101 SET @saved_cs_client     = @@character_set_client */;
/*!50503 SET character_set_client = utf8mb4 */;
CREATE TABLE `examrooms` (
  `room_id` int NOT NULL AUTO_INCREMENT,
  `room_name` varchar(50) NOT NULL,
  `capacity` int NOT NULL,
  `location` varchar(255) DEFAULT NULL,
  `status` enum('available','scheduled','in_use') NOT NULL DEFAULT 'available',
  PRIMARY KEY (`room_id`),
  UNIQUE KEY `room_name` (`room_name`)
) ENGINE=InnoDB AUTO_INCREMENT=164 DEFAULT CHARSET=utf8mb4 COLLATE=utf8mb4_0900_ai_ci;
/*!40101 SET character_set_client = @saved_cs_client */;

--
-- Dumping data for table `examrooms`
--

LOCK TABLES `examrooms` WRITE;
/*!40000 ALTER TABLE `examrooms` DISABLE KEYS */;
INSERT INTO `examrooms` VALUES (120,'A6-203',40,'Tòa A6, Tầng 6','scheduled'),(122,'A2-001',40,'Tòa A2, tầng 2','available'),(123,'A2-002',35,'Tòa A2, tầng 2','available'),(124,'A2-003',50,'Tòa A2, tầng 3','available'),(125,'A3-001',45,'Tòa A3, tầng 2','available'),(126,'A3-002',60,'Tòa A3, tầng 4','available'),(127,'A3-003',30,'Tòa A3, tầng 2','available'),(128,'A4-001',70,'Tòa A4, tầng 5','available'),(129,'A4-002',55,'Tòa A4, tầng 3','available'),(130,'A4-003',50,'Tòa A4, tầng 2','available'),(131,'A5-001',40,'Tòa A5, tầng 2','available'),(132,'A5-002',65,'Tòa A5, tầng 4','available'),(133,'A5-003',30,'Tòa A5, tầng 3','available'),(134,'A6-001',45,'Tòa A6, tầng 2','available'),(135,'A6-002',40,'Tòa A6, tầng 3','available'),(136,'A6-003',55,'Tòa A6, tầng 5','available'),(137,'A7-001',60,'Tòa A7, tầng 3','available'),(138,'A7-002',50,'Tòa A7, tầng 2','available'),(139,'A7-003',45,'Tòa A7, tầng 4','available'),(140,'A8-001',35,'Tòa A8, tầng 3','available'),(141,'A8-002',40,'Tòa A8, tầng 2','available'),(142,'A8-003',50,'Tòa A8, tầng 4','available'),(143,'A2-010',45,'Tòa A2, tầng 4','available'),(144,'A3-010',60,'Tòa A3, tầng 5','available'),(145,'A4-010',30,'Tòa A4, tầng 2','available'),(146,'A5-010',55,'Tòa A5, tầng 3','available'),(147,'A6-010',50,'Tòa A6, tầng 4','available'),(148,'A7-010',70,'Tòa A7, tầng 5','available'),(149,'A8-010',60,'Tòa A8, tầng 3','available'),(150,'A2-020',40,'Tòa A2, tầng 2','available'),(151,'A3-020',35,'Tòa A3, tầng 2','available'),(152,'A4-020',50,'Tòa A4, tầng 3','available'),(153,'A5-020',45,'Tòa A5, tầng 4','available'),(154,'A6-020',55,'Tòa A6, tầng 3','available'),(155,'A7-020',60,'Tòa A7, tầng 2','available'),(156,'A8-020',30,'Tòa A8, tầng 4','available'),(157,'A2-030',45,'Tòa A2, tầng 5','available'),(158,'A3-030',40,'Tòa A3, tầng 3','available'),(159,'A4-030',50,'Tòa A4, tầng 2','available'),(160,'A5-030',35,'Tòa A5, tầng 5','available'),(161,'A6-030',60,'Tòa A6, tầng 4','available');
/*!40000 ALTER TABLE `examrooms` ENABLE KEYS */;
UNLOCK TABLES;

--
-- Table structure for table `examschedules`
--

DROP TABLE IF EXISTS `examschedules`;
/*!40101 SET @saved_cs_client     = @@character_set_client */;
/*!50503 SET character_set_client = utf8mb4 */;
CREATE TABLE `examschedules` (
  `schedule_id` int NOT NULL AUTO_INCREMENT,
  `start_time` datetime NOT NULL,
  `end_time` datetime NOT NULL,
  `room_id` int NOT NULL,
  `created_by` int DEFAULT NULL,
  `status` enum('scheduled','in_progress','completed','cancelled') NOT NULL DEFAULT 'scheduled',
  `name_schedule` varchar(255) DEFAULT NULL,
  PRIMARY KEY (`schedule_id`),
  KEY `examschedules_ibfk_1` (`room_id`),
  KEY `examschedules_ibfk_2` (`created_by`),
  CONSTRAINT `examschedules_ibfk_1` FOREIGN KEY (`room_id`) REFERENCES `examrooms` (`room_id`) ON DELETE RESTRICT
) ENGINE=InnoDB AUTO_INCREMENT=819 DEFAULT CHARSET=utf8mb4 COLLATE=utf8mb4_0900_ai_ci;
/*!40101 SET character_set_client = @saved_cs_client */;

--
-- Dumping data for table `examschedules`
--

LOCK TABLES `examschedules` WRITE;
/*!40000 ALTER TABLE `examschedules` DISABLE KEYS */;
INSERT INTO `examschedules` VALUES (808,'2025-08-08 08:00:00','2025-08-08 09:00:00',120,NULL,'scheduled','Lịch thi tháng 9 - 2'),(810,'2025-08-08 08:00:00','2025-08-08 09:00:00',120,NULL,'scheduled','Lịch thi tháng 9 - 2'),(812,'2025-08-08 01:00:00','2025-08-08 02:00:00',120,NULL,'completed','Lịch thi tháng 9 - 2'),(814,'2025-08-08 01:00:00','2025-08-08 02:00:00',120,NULL,'completed','Lịch thi tháng 9 - 2'),(816,'2025-08-07 08:00:00','2025-08-07 09:00:00',120,NULL,'completed','Lịch thi tháng 9 - 2'),(818,'2025-08-07 08:00:00','2025-08-07 09:00:00',120,NULL,'completed','Lịch thi tháng 9 - 2');
/*!40000 ALTER TABLE `examschedules` ENABLE KEYS */;
UNLOCK TABLES;

--
-- Table structure for table `invigilator_exam_schedules`
--

DROP TABLE IF EXISTS `invigilator_exam_schedules`;
/*!40101 SET @saved_cs_client     = @@character_set_client */;
/*!50503 SET character_set_client = utf8mb4 */;
CREATE TABLE `invigilator_exam_schedules` (
  `schedule_id` int NOT NULL,
  `invigilator_id` int NOT NULL,
  PRIMARY KEY (`schedule_id`,`invigilator_id`),
  KEY `invigilator_id` (`invigilator_id`),
  CONSTRAINT `invigilator_exam_schedules_ibfk_1` FOREIGN KEY (`schedule_id`) REFERENCES `examschedules` (`schedule_id`) ON DELETE CASCADE,
  CONSTRAINT `invigilator_exam_schedules_ibfk_2` FOREIGN KEY (`invigilator_id`) REFERENCES `invigilators` (`invigilator_id`) ON DELETE CASCADE
) ENGINE=InnoDB DEFAULT CHARSET=utf8mb4 COLLATE=utf8mb4_0900_ai_ci;
/*!40101 SET character_set_client = @saved_cs_client */;

--
-- Dumping data for table `invigilator_exam_schedules`
--

LOCK TABLES `invigilator_exam_schedules` WRITE;
/*!40000 ALTER TABLE `invigilator_exam_schedules` DISABLE KEYS */;
/*!40000 ALTER TABLE `invigilator_exam_schedules` ENABLE KEYS */;
UNLOCK TABLES;

--
-- Table structure for table `invigilators`
--

DROP TABLE IF EXISTS `invigilators`;
/*!40101 SET @saved_cs_client     = @@character_set_client */;
/*!50503 SET character_set_client = utf8mb4 */;
CREATE TABLE `invigilators` (
  `invigilator_id` int NOT NULL AUTO_INCREMENT,
  `id` int NOT NULL,
  `staff_code` varchar(20) NOT NULL,
  PRIMARY KEY (`invigilator_id`),
  UNIQUE KEY `id` (`id`),
  UNIQUE KEY `staff_code` (`staff_code`),
  CONSTRAINT `invigilators_ibfk_1` FOREIGN KEY (`id`) REFERENCES `users` (`id`) ON DELETE CASCADE
) ENGINE=InnoDB AUTO_INCREMENT=3 DEFAULT CHARSET=utf8mb4 COLLATE=utf8mb4_0900_ai_ci;
/*!40101 SET character_set_client = @saved_cs_client */;

--
-- Dumping data for table `invigilators`
--

LOCK TABLES `invigilators` WRITE;
/*!40000 ALTER TABLE `invigilators` DISABLE KEYS */;
/*!40000 ALTER TABLE `invigilators` ENABLE KEYS */;
UNLOCK TABLES;

--
-- Table structure for table `student_face_embeddings_512`
--

DROP TABLE IF EXISTS `student_face_embeddings_512`;
/*!40101 SET @saved_cs_client     = @@character_set_client */;
/*!50503 SET character_set_client = utf8mb4 */;
CREATE TABLE `student_face_embeddings_512` (
  `id` int NOT NULL AUTO_INCREMENT,
  `student_id` varchar(100) NOT NULL,
  `embedding` json NOT NULL,
  PRIMARY KEY (`id`)
) ENGINE=InnoDB AUTO_INCREMENT=8 DEFAULT CHARSET=utf8mb4 COLLATE=utf8mb4_0900_ai_ci;
/*!40101 SET character_set_client = @saved_cs_client */;

--
-- Dumping data for table `student_face_embeddings_512`
--

LOCK TABLES `student_face_embeddings_512` WRITE;
/*!40000 ALTER TABLE `student_face_embeddings_512` DISABLE KEYS */;
INSERT INTO `student_face_embeddings_512` VALUES (1,'21012477','[0.00950768031179905, 0.001508049899712205, -0.008155753836035728, 0.021550767123699188, 0.04273613169789314, 0.025451574474573135, -0.04410870373249054, 0.004486013203859329, 0.06501495093107224, 0.03221578896045685, -0.048271771520376205, -0.025100024417042732, -0.005274014547467232, 0.06753771007061005, 0.011714543215930462, -0.028467679396271706, -0.0638561025261879, -0.022443575784564015, 0.0850696787238121, -0.008671519346535206, 0.021531589329242703, 0.022364838048815727, -0.061755336821079254, 0.014741376973688602, 0.024646097794175148, 0.03409278020262718, 0.010340653359889984, 0.06796128302812576, -0.03151017799973488, 0.0016989250434562564, -0.02657749690115452, 0.0598224475979805, -0.021904872730374336, -0.019025953486561775, -0.03337773680686951, -0.06651633232831955, -0.09008020907640456, 0.04328980669379234, -0.026931989938020703, 0.010656227357685566, 0.01153235137462616, -0.00893755629658699, 0.0052096047438681126, -0.009348468855023384, 0.08253775537014008, 0.023896370083093643, -0.05597194284200668, -0.03584460914134979, 0.0007644192664884031, 0.004091923590749502, 0.03680608049035072, -0.03280475735664368, -0.009284555912017822, 0.01989961788058281, 0.0021198191680014133, -0.05661262199282646, -0.003680443624034524, 0.06501048803329468, -0.014659511856734753, 0.03064625710248947, -0.04311688244342804, -0.024152757599949837, 0.0033132503740489483, 0.021948229521512985, -0.03444928303360939, -0.06735560297966003, 0.04135724902153015, -0.0069600921124219894, 0.1112947091460228, 0.016981879249215126, 0.049301259219646454, -0.04696311801671982, 0.020700102671980854, -0.018575776368379593, 0.04673125967383385, 0.025971991941332817, 0.09621361643075944, 0.02252701111137867, -0.1230633705854416, -0.011090564541518688, -0.03434174135327339, -0.030732158571481705, -0.037777096033096313, -0.0448417142033577, 0.05047788843512535, 0.04029963165521622, -0.016299741342663765, 0.03801615536212921, -0.052165813744068146, -0.17146584391593933, -0.0011415506014600396, 0.03273161128163338, -0.001348750665783882, 0.0988638401031494, -0.048221249133348465, -0.05710369721055031, -0.040801241993904114, -0.03936478868126869, 0.006011518649756908, 0.015519538894295692, 0.018160149455070496, -0.028287187218666077, -0.08379894495010376, -0.018270161002874374, 0.02367551624774933, 0.01298678107559681, 0.025727665051817897, -0.011379754170775414, 0.01916203275322914, 0.005412121303379536, 0.055211495608091354, -0.049397580325603485, 0.05074052140116691, 0.018551183864474297, -0.015757650136947632, -0.0006731749163009226, 0.016077611595392227, -0.046371012926101685, 0.11822375655174255, 0.023233450949192047, -0.03467342257499695, -0.01778923161327839, 0.02099103294312954, 0.039937373250722885, -0.08434899151325226, -0.07656992971897125, 0.021152853965759277, -0.015931332483887672, 0.02088124305009842, 0.039553169161081314, 0.021933309733867645, 0.043549004942178726, 0.02272229827940464, -0.03265383094549179, 0.0027356219943612814, 0.02601618319749832, -0.03507555276155472, -0.013242840766906738, -0.030296245589852333, -0.010114774107933044, -0.021284708753228188, 0.04066786170005798, -0.014326738193631172, 0.023893309757113457, -0.041717708110809326, 0.08295873552560806, -0.03239477798342705, -0.009992415085434914, -0.0030244530644267797, 0.07568158209323883, -0.0031180735677480698, 0.028251875191926956, 0.1383306235074997, 0.01146971434354782, -0.031485557556152344, 0.02089441753923893, -0.007827947847545147, 0.059488747268915176, 0.04499074071645737, -0.042479585856199265, 0.042993057519197464, 0.09198808670043944, 0.04478307440876961, 0.03846698999404907, 0.03581545874476433, -0.11892415583133698, 0.017088381573557854, 0.001086775679141283, 0.01047108881175518, -0.03228340670466423, 0.02826140820980072, -0.017836032435297966, -0.0022537990007549524, -0.06906218826770782, 0.002320038853213191, 0.007352670188993216, 0.038189467042684555, 0.0008585616596974432, -0.04467380419373512, -0.028682449832558632, -0.06302104890346527, -0.04344150051474571, -0.014170587994158268, -0.009304494597017763, 0.08710961043834686, 0.06330867856740952, -0.050159141421318054, -0.019538624212145805, 0.062486983835697174, 0.0033998724538832903, 0.02079622820019722, -0.06973373889923096, 0.024886053055524823, 0.05874893441796303, -0.006487542297691107, 0.027970239520072937, -0.011390438303351402, 0.020872414112091064, 0.02568458952009678, -0.032865431159734726, 0.053173065185546875, 0.040309734642505646, -0.06786388158798218, -0.06591352820396423, -0.04370628669857979, -0.01823870465159416, 0.013612746261060238, 0.0333758220076561, 0.03683604672551155, 0.0077544623054564, -0.005877359304577112, -0.04300582408905029, -0.06591993570327759, 0.016112394630908966, -0.08180299401283264, -0.10245171189308168, 0.015123228542506697, -0.03552301973104477, -0.027309510856866837, -0.010274974629282951, -0.02926053106784821, 0.003728132927790284, -0.0014913706108927729, -0.04433055222034454, -0.05456141009926796, 0.08013375103473663, 0.08984307944774628, 0.03654959425330162, -0.014099852181971071, 0.056164149194955826, 0.0021514412946999073, -0.06392567604780197, 0.002809829544275999, 0.06663324683904648, 0.02262129634618759, -0.07476818561553955, -0.03016768954694271, 0.05041687190532684, -0.005828171037137508, -0.003863366087898612, 0.000945623847655952, -0.06422983855009079, 0.03625601530075073, -0.002004637848585844, 0.014365761540830135, 0.09612661600112916, 0.034340400248765945, 0.07618068903684616, 0.06321793794631958, 0.05871942266821861, -0.0009533234988339244, -0.03873012959957123, -0.06529175490140915, 0.07043511420488358, -0.050611238926649094, -0.003037311602383852, 0.01592799834907055, -0.01817943900823593, 0.035719987004995346, 0.00030518535641022027, -0.008864019997417927, 0.03964659199118614, 0.051480796188116074, 0.013105332851409912, -0.06021169200539589, -0.03378281369805336, -0.018680725246667865, 0.08460342139005661, 0.06212567910552025, -0.015585110522806644, 0.050612665712833405, -0.01838142611086369, 0.004916706122457981, 0.012496463023126124, 0.007057267241179943, 0.006332555785775185, 0.008356927894055843, -0.0546606183052063, 0.07995633780956268, -0.08513927459716797, 0.09990541636943816, 0.029678689315915108, -0.02057390660047531, 0.03534775227308273, 0.0005977689288556576, -0.036685243248939514, 0.003112206934019923, -0.07190748304128647, 0.0021868792828172445, -0.0033121653832495213, -0.007283165585249662, 0.0643109455704689, -0.011529609560966492, 0.011289304122328758, -0.030826760455965996, -0.04712397605180741, -0.006778943818062544, 0.051485270261764526, -0.01188893150538206, -0.004588534589856863, -0.04405103251338005, 0.0013408291852101684, 0.03978615626692772, 0.011651337146759031, -0.04119968041777611, 0.04470689222216606, -0.00709090568125248, -0.0667777955532074, -0.05354742705821991, -0.07732638716697693, 0.00903849583119154, -0.026434894651174545, -0.014724185690283775, 0.005521209444850683, -0.02427707239985466, -0.002565704053267837, 0.03012087009847164, -0.06951568275690079, -0.02370060607790947, -0.03254876285791397, 0.06854390352964401, 0.003901210380718112, -0.07279235869646072, -0.005194101482629776, 0.04864194616675377, -0.011848743073642254, -0.034625276923179626, 0.0002196600689785555, -0.018056383356451988, -0.07601786404848099, -0.12609995901584625, -0.07043920457363129, -0.013310897164046764, -0.04344063997268677, -0.07786163687705994, 0.005104714073240757, -0.06794548779726028, 0.002816332969814539, 0.005598557181656361, 0.01619117707014084, -0.04449978843331337, 0.02690089680254459, 0.01699475198984146, 0.04653441160917282, 0.02219180017709732, -0.037501439452171326, -0.07052922248840332, -0.044201452285051346, 0.0011082771234214306, 0.01995033770799637, 0.06700966507196426, -0.023730671033263206, -0.0591624453663826, -0.023579390719532967, 0.04687920585274696, 0.037832073867321014, 0.036515966057777405, 0.03502936288714409, 0.094496987760067, -0.09756232798099518, 0.02194279059767723, -0.05436982586979866, 0.01722266897559166, -0.005440818145871162, -0.020142680034041405, -0.05751099810004234, -0.05582720413804054, 0.01890655979514122, 0.09696942567825316, 0.011914767324924467, -0.02753027342259884, -0.00365011184476316, -0.04736862704157829, -0.0052784946747124195, 0.01773807592689991, 0.017747189849615097, 0.032107461243867874, 0.003614779561758042, -0.07243490219116211, -0.05701547488570213, -0.0277022086083889, 0.03575453534722328, -0.018160026520490646, -0.008714240975677967, -0.00600688811391592, 0.03171342611312866, -0.0823492556810379, -0.007311001420021057, 0.0405530221760273, -0.043930020183324814, -0.04148311913013458, 0.0738377720117569, -0.009117336012423038, 0.015446262434124948, 0.014778189361095428, -0.019251706078648567, -0.02043757401406765, -0.05801848694682121, -0.05327855795621872, -0.07446080446243286, 0.003286738647148013, 0.02757054939866066, -0.015200539492070677, -0.013754960149526596, 0.048339877277612686, -0.07107695192098618, -0.06859371066093445, -0.014686530455946922, 0.04366322234272957, 0.11385198682546616, 0.061996880918741226, -0.09686684608459473, -0.008365374058485031, -0.043442502617836, 0.036548614501953125, -0.006940171588212252, 0.029174035415053368, -0.009199229069054128, -0.0825919359922409, 0.02142181806266308, 0.022676371037960052, -0.014118500985205172, -0.05404147505760193, -0.0064964392222464085, -0.011537359096109869, 0.012883494608104227, -0.006397411227226257, -0.018447743728756905, -0.02737412601709366, 0.006496228743344545, -0.06500863283872604, -0.01706026867032051, 0.006108984816819429, -0.0006084424094296992, 0.05776971951127052, 0.05057506635785103, 0.049030136317014694, 0.04578647017478943, -0.012302082031965256, -0.017768342047929764, 0.002547319047152996, -0.017922019585967064, -0.029812848195433617, 0.03359364718198776, 0.04284530133008957, 0.06997361779212952, 0.041534166783094406, 0.030243808403611183, -0.028484713286161423, 0.04893727228045464, 0.0004392480186652392, -0.013159876689314842, 0.002232626546174288, 0.02189694531261921, -0.006205801852047443, -0.03570722043514252, -0.03765244781970978, 0.07081474363803864, -0.00733784819021821, -0.054364029318094254, -0.09130319952964784, -0.03174092620611191, 0.03339473158121109, 0.04920744150876999, -0.014594004489481447, -0.05347110331058502, 0.07531998306512833, 0.05006352439522743, 0.09305950254201888, 0.020230723544955257, -0.05869203060865402, 0.08948592096567154, 0.010984799824655056, -0.017481187358498573, 0.006147836800664663, 0.02619908936321735, 0.09434353560209274, 0.019744813442230225, 0.0728248730301857, -0.005155324004590511, 0.01797325164079666, -0.08830851316452026, -0.03665819764137268, -0.0472368486225605, 0.011971352621912956, -0.0088906679302454, 0.018183700740337372, -0.030597766861319545, -0.038223136216402054, -0.0048872604966163635, -0.0595724992454052, 0.03537875786423683, 0.04615961015224457, 0.04693538323044777, -0.02010151371359825, -0.02037633955478668, 0.005078415852040052, -0.06553612649440765, 0.025245768949389458, 0.014257692731916904, 0.04717385023832321, -0.04392445832490921, -0.012525844387710094, -0.009544297121465206, -0.01567426137626171, -0.02104789949953556, 0.015768075361847878, -0.01461268775165081, -0.006194929126650095, 0.06739833950996399, 0.0316070020198822, -0.032466039061546326]');
/*!40000 ALTER TABLE `student_face_embeddings_512` ENABLE KEYS */;
UNLOCK TABLES;

--
-- Table structure for table `student_violations`
--

DROP TABLE IF EXISTS `student_violations`;
/*!40101 SET @saved_cs_client     = @@character_set_client */;
/*!50503 SET character_set_client = utf8mb4 */;
CREATE TABLE `student_violations` (
  `report_id` int NOT NULL AUTO_INCREMENT,
  `schedule_id` int NOT NULL,
  `student_id` int NOT NULL,
  `violation_id` int NOT NULL,
  `reported_by` int DEFAULT NULL,
  `violation_time` datetime DEFAULT CURRENT_TIMESTAMP,
  PRIMARY KEY (`report_id`),
  KEY `schedule_id` (`schedule_id`),
  KEY `violation_id` (`violation_id`),
  KEY `reported_by` (`reported_by`),
  CONSTRAINT `student_violations_ibfk_1` FOREIGN KEY (`schedule_id`) REFERENCES `examschedules` (`schedule_id`) ON DELETE CASCADE,
  CONSTRAINT `student_violations_ibfk_3` FOREIGN KEY (`violation_id`) REFERENCES `violations` (`violation_id`) ON DELETE RESTRICT,
  CONSTRAINT `student_violations_ibfk_4` FOREIGN KEY (`reported_by`) REFERENCES `users` (`id`) ON DELETE SET NULL
) ENGINE=InnoDB AUTO_INCREMENT=3 DEFAULT CHARSET=utf8mb4 COLLATE=utf8mb4_0900_ai_ci;
/*!40101 SET character_set_client = @saved_cs_client */;

--
-- Dumping data for table `student_violations`
--

LOCK TABLES `student_violations` WRITE;
/*!40000 ALTER TABLE `student_violations` DISABLE KEYS */;
/*!40000 ALTER TABLE `student_violations` ENABLE KEYS */;
UNLOCK TABLES;

--
-- Table structure for table `users`
--

DROP TABLE IF EXISTS `users`;
/*!40101 SET @saved_cs_client     = @@character_set_client */;
/*!50503 SET character_set_client = utf8mb4 */;
CREATE TABLE `users` (
  `id` int NOT NULL,
  `first_name` varchar(255) DEFAULT NULL,
  `last_name` varchar(255) DEFAULT NULL,
  `age` int DEFAULT NULL,
  `gender` varchar(255) DEFAULT NULL,
  `avatar` varchar(255) DEFAULT NULL,
  `created_at` timestamp NOT NULL DEFAULT CURRENT_TIMESTAMP,
  `updated_at` timestamp NOT NULL DEFAULT CURRENT_TIMESTAMP,
  PRIMARY KEY (`id`),
  CONSTRAINT `users_ibfk_1` FOREIGN KEY (`id`) REFERENCES `auth` (`id`) ON DELETE CASCADE
) ENGINE=InnoDB DEFAULT CHARSET=utf8mb4 COLLATE=utf8mb4_0900_ai_ci;
/*!40101 SET character_set_client = @saved_cs_client */;

--
-- Dumping data for table `users`
--

LOCK TABLES `users` WRITE;
/*!40000 ALTER TABLE `users` DISABLE KEYS */;
INSERT INTO `users` VALUES (21012477,'Ngan','Nguyen Thi Mai Ngan',NULL,NULL,NULL,'2025-06-24 12:57:24','2025-06-24 12:57:24'),(21012478,'Anh','Nguyen Duc',30,'male','https://i.pravatar.cc/150?img=50','2025-05-20 03:14:15','2025-05-20 03:14:15'),(21012483,'Huyen','Hoang Thi Ngoc ',18,'male',NULL,'2025-06-21 00:30:27','2025-06-21 00:30:27'),(21012484,'Long','Nguyen Van',18,'male',NULL,'2025-06-21 00:31:08','2025-06-21 00:31:08'),(21012485,'Ngan','Nguyen Thi Mai Ngan',18,'male',NULL,'2025-06-21 00:31:44','2025-06-21 00:31:44'),(21012486,'My','Le Tra',18,'male',NULL,'2025-06-21 00:32:42','2025-06-21 00:32:42'),(21012487,'Minh ','Nguyen Van',21,'male',NULL,'2025-06-25 06:21:46','2025-06-25 06:21:46'),(21012489,'Long','Nguyen Minh',21,'male',NULL,'2025-06-25 06:27:44','2025-06-25 06:27:44'),(21012490,'Anh','Hoang Ngoc',21,'male',NULL,'2025-06-25 06:28:20','2025-06-25 06:28:20'),(21012491,'Lan','Nguyen Mai',21,'female',NULL,'2025-06-25 06:29:16','2025-06-25 06:29:16');
/*!40000 ALTER TABLE `users` ENABLE KEYS */;
UNLOCK TABLES;

--
-- Table structure for table `violations`
--

DROP TABLE IF EXISTS `violations`;
/*!40101 SET @saved_cs_client     = @@character_set_client */;
/*!50503 SET character_set_client = utf8mb4 */;
CREATE TABLE `violations` (
  `violation_id` int NOT NULL AUTO_INCREMENT,
  `violation_name` varchar(100) NOT NULL,
  PRIMARY KEY (`violation_id`)
) ENGINE=InnoDB AUTO_INCREMENT=5 DEFAULT CHARSET=utf8mb4 COLLATE=utf8mb4_0900_ai_ci;
/*!40101 SET character_set_client = @saved_cs_client */;

--
-- Dumping data for table `violations`
--

LOCK TABLES `violations` WRITE;
/*!40000 ALTER TABLE `violations` DISABLE KEYS */;
INSERT INTO `violations` VALUES (1,'Cheating'),(2,'Using phone'),(3,'Talking to another student'),(4,'Unauthorized materials');
/*!40000 ALTER TABLE `violations` ENABLE KEYS */;
UNLOCK TABLES;
SET @@SESSION.SQL_LOG_BIN = @MYSQLDUMP_TEMP_LOG_BIN;
/*!40103 SET TIME_ZONE=@OLD_TIME_ZONE */;

/*!40101 SET SQL_MODE=@OLD_SQL_MODE */;
/*!40014 SET FOREIGN_KEY_CHECKS=@OLD_FOREIGN_KEY_CHECKS */;
/*!40014 SET UNIQUE_CHECKS=@OLD_UNIQUE_CHECKS */;
/*!40101 SET CHARACTER_SET_CLIENT=@OLD_CHARACTER_SET_CLIENT */;
/*!40101 SET CHARACTER_SET_RESULTS=@OLD_CHARACTER_SET_RESULTS */;
/*!40101 SET COLLATION_CONNECTION=@OLD_COLLATION_CONNECTION */;
/*!40111 SET SQL_NOTES=@OLD_SQL_NOTES */;

-- Dump completed on 2025-08-08  7:52:05
